id,1st,2nd,3rd,wt
119,2,1,1,1.40000000000000 
423,2,1,2,0.77777777777778 
3590,1,4,4,0.71264367816092 
3139,1,3,3,0.81481481481482 
273,2,1,2,1.11111111111111 
2332,1,4,4,0.70370370370370 
3574,6,3,3,1.12068965517241 
1034,2,3,3,0.71264367816092 
3964,1,3,3,0.71264367816092 
3226,1,4,4,0.93650793650794 
646,1,3,3,0.77777777777778 
2328,6,4,4,0.78260869565217 
1879,6,4,4,1.43243243243243 
1677,5,2,2,1.06250000000000 
4082,1,4,4,0.66000000000000 
2381,6,4,9,2.50000000000000 
2211,5,1,1,1.03030303030303 
3358,1,3,3,0.82608695652174 
3106,2,2,2,0.97297297297297 
3540,1,4,3,0.73333333333333 
849,1,4,3,0.73809523809524 
669,1,4,4,0.88571428571429 
3408,1,4,4,0.70370370370370 
1200,1,4,4,1.12068965517241 
2031,1,3,2,0.73809523809524 
3495,2,3,2,0.96774193548387 
4068,1,4,4,0.93650793650794 
3996,1,3,3,0.75757575757576 
2096,5,3,2,1.06250000000000 
1926,1,4,4,0.96774193548387 
3790,3,9,2,2.50000000000000 
2293,1,4,4,1.43243243243243 
3550,1,4,4,0.66000000000000 
3279,2,1,1,1.10000000000000 
733,1,3,3,1.30769230769230 
1174,2,1,2,0.96774193548387 
1636,2,3,3,1.06250000000000 
807,1,1,4,1.00000000000000 
3542,1,4,4,0.93333333333333 
1251,2,2,1,1.43243243243243 
720,4,1,1,0.93650793650794 
3227,4,1,1,0.93650793650794 
3409,1,9,3,0.82608695652174 
771,1,4,4,0.71264367816092 
1753,5,1,1,0.90410958904110 
572,3,2,2,1.40000000000000 
292,5,1,1,1.25000000000000 
3296,1,3,3,1.75000000000000 
4027,1,4,4,0.71264367816092 
1577,1,3,3,0.88571428571429 
3228,1,3,2,0.69230769230769 
3539,3,3,2,0.77777777777778 
309,1,4,4,0.70212765957447 
989,1,4,4,1.10000000000000 
2089,1,4,3,0.70212765957447 
3234,1,3,9,1.38461538461538 
3892,1,4,3,0.93333333333333 
1541,1,3,4,0.70370370370370 
3369,1,4,4,0.77777777777778 
1477,1,4,4,0.93650793650794 
1823,5,2,2,1.25000000000000 
789,1,3,3,0.70370370370370 
294,1,3,3,0.66000000000000 
3642,6,9,3,0.90410958904110 
3416,2,1,1,1.06250000000000 
27,1,4,4,0.94117647058824 
3016,1,3,3,1.50000000000000 
690,1,3,3,0.82608695652174 
3874,2,2,2,1.30769230769230 
865,1,3,4,0.78571428571429 
794,1,3,3,0.96774193548387 
3533,4,3,3,0.84848484848485 
1780,3,3,2,1.20000000000000 
1993,1,4,1,0.70212765957447 
2970,1,4,4,1.40000000000000 
536,1,4,4,0.70212765957447 
2209,1,3,3,1.03030303030303 
1170,5,4,2,0.93333333333333 
3462,1,4,4,0.88571428571429 
206,5,9,3,0.69230769230769 
1596,3,4,4,0.86956521739130 
769,2,1,1,0.68750000000000 
317,1,4,3,0.70212765957447 
1767,1,4,4,0.93650793650794 
3883,5,3,4,1.06250000000000 
1720,2,4,4,0.93333333333333 
3251,1,3,3,0.68085106382979 
877,1,3,2,1.50000000000000 
3133,1,4,4,1.43243243243243 
666,3,3,3,2.50000000000000 
1032,1,3,3,0.73333333333333 
3276,1,3,3,0.93333333333333 
4595,1,3,4,0.75757575757576 
453,2,1,1,0.75757575757576 
1907,1,3,3,0.70212765957447 
2018,1,3,3,0.71264367816092 
3780,1,4,4,0.66000000000000 
1341,1,4,4,0.82608695652174 
4201,5,1,1,0.77777777777778 
1787,1,3,3,0.93333333333333 
4325,6,3,3,0.73809523809524 
814,1,4,4,0.78260869565217 
3253,1,3,3,1.03030303030303 
2203,3,3,3,0.94117647058824 
1553,2,9,1,0.93333333333333 
148,1,4,4,0.86956521739130 
1580,1,4,4,1.11111111111111 
437,3,3,4,0.88571428571429 
1555,3,1,1,0.66000000000000 
3493,6,9,4,1.03030303030303 
1239,1,3,4,0.68085106382979 
1453,6,3,2,0.93333333333333 
857,1,4,4,0.70212765957447 
3190,2,1,2,0.96774193548387 
4258,2,1,1,0.90410958904110 
1235,1,3,4,0.88888888888889 
3285,1,4,4,0.90410958904110 
3555,1,4,4,0.92857142857143 
790,3,2,1,1.40000000000000 
1177,1,4,4,0.90000000000000 
169,1,4,3,0.93650793650794 
1293,1,4,4,0.93333333333333 
3648,1,4,4,0.71264367816092 
4459,3,3,3,1.30769230769230 
1118,1,4,4,0.87301587301587 
1482,4,1,1,1.06250000000000 
3587,1,4,4,0.87301587301587 
404,2,3,3,0.77777777777778 
412,1,4,4,0.71264367816092 
943,2,3,3,0.81481481481482 
2908,1,4,4,0.96774193548387 
824,5,9,2,1.75000000000000 
4363,1,4,4,0.71264367816092 
1730,3,2,1,0.96774193548387 
628,2,1,1,0.96774193548387 
143,5,1,1,0.80882352941177 
2330,1,3,4,0.77777777777778 
4566,1,4,4,1.00000000000000 
4445,2,2,1,0.70212765957447 
2576,1,4,4,0.81818181818182 
795,6,3,3,1.03030303030303 
3277,1,9,9,0.96774193548387 
3459,5,2,1,1.05555555555555 
2127,1,3,3,0.92857142857143 
3430,1,4,4,0.73913043478261 
1278,5,3,3,0.82608695652174 
1719,1,3,3,0.93650793650794 
331,1,4,4,0.73809523809524 
778,1,4,4,0.96774193548387 
2943,2,3,9,0.97297297297297 
4209,1,3,4,0.88888888888889 
3009,1,4,4,0.43750000000000 
3230,1,4,4,0.87301587301587 
4242,1,4,4,1.12068965517241 
1870,1,4,4,1.00000000000000 
2258,1,4,4,0.93650793650794 
1660,1,4,4,0.84848484848485 
752,6,3,9,0.77777777777778 
2965,1,4,4,0.54545454545455 
966,1,4,4,1.20000000000000 
2465,2,1,1,0.68085106382979 
3292,2,1,1,1.12068965517241 
772,1,4,4,0.68750000000000 
1602,6,3,3,1.50000000000000 
3797,2,1,1,0.87301587301587 
4590,1,4,4,0.78260869565217 
151,1,4,3,0.69230769230769 
3047,2,1,1,2.50000000000000 
101,5,1,3,1.00000000000000 
4573,3,1,1,1.00000000000000 
4405,1,3,3,0.93650793650794 
4051,2,1,1,0.87301587301587 
2629,1,4,4,0.81818181818182 
3327,1,4,4,0.90410958904110 
3442,6,9,3,1.10000000000000 
2097,1,4,4,0.75000000000000 
73,1,4,4,0.87301587301587 
825,1,4,4,0.68750000000000 
2936,2,2,2,0.54545454545455 
935,1,4,4,1.00000000000000 
518,2,2,2,0.87301587301587 
673,1,4,4,0.66000000000000 
723,1,9,9,1.43243243243243 
12,2,1,1,0.93333333333333 
3617,1,4,4,0.77777777777778 
311,6,1,1,0.84848484848485 
2343,2,1,1,0.66000000000000 
1963,1,4,4,0.68750000000000 
1803,1,3,3,0.70212765957447 
3486,2,1,1,0.87301587301587 
1556,2,3,2,0.94117647058824 
1650,1,3,3,1.11111111111111 
2083,4,1,1,0.71264367816092 
1829,1,4,4,1.46153846153846 
1155,2,3,3,0.71264367816092 
744,2,2,2,0.80882352941177 
2660,6,3,3,0.80882352941177 
3222,1,4,4,1.00000000000000 
3347,1,4,4,0.88571428571429 
737,4,3,3,0.71264367816092 
676,1,4,2,1.06250000000000 
4195,1,3,3,0.87500000000000 
3786,1,3,3,0.86956521739130 
3546,2,2,2,0.73809523809524 
333,1,4,4,0.93333333333333 
4604,1,4,4,0.93333333333333 
3692,1,4,4,0.73333333333333 
3618,5,3,3,0.70212765957447 
4327,3,3,3,0.96774193548387 
1996,2,2,1,0.66000000000000 
2121,5,3,3,0.66000000000000 
2507,1,4,3,0.80882352941177 
649,1,3,3,0.94117647058824 
3824,3,4,3,0.75000000000000 
1849,2,1,1,1.18750000000000 
3267,1,2,2,0.93650793650794 
4388,2,2,2,0.81481481481482 
1042,3,2,2,1.06250000000000 
1672,1,4,4,1.63636363636363 
3411,1,4,4,0.82608695652174 
3778,5,3,3,0.68085106382979 
1678,1,4,4,0.71264367816092 
1561,1,4,4,0.92857142857143 
761,1,3,3,0.71264367816092 
3931,5,3,3,0.70212765957447 
2452,1,3,3,0.94117647058824 
3510,1,4,4,0.88571428571429 
3021,4,3,3,0.54545454545455 
1606,1,3,3,0.93333333333333 
3823,3,2,1,0.90410958904110 
3919,1,4,4,0.87301587301587 
4330,1,4,4,0.88888888888889 
4452,2,9,9,0.84848484848485 
3343,2,9,3,0.86956521739130 
2950,3,9,9,2.50000000000000 
1633,1,4,4,0.68750000000000 
2130,5,4,4,0.84848484848485 
4320,1,4,4,0.92857142857143 
3958,1,4,4,1.46153846153846 
2564,2,1,2,0.96774193548387 
920,1,3,4,0.73913043478261 
2248,2,3,3,0.88571428571429 
755,1,3,4,0.66000000000000 
3456,1,3,2,0.70212765957447 
871,1,3,3,0.93650793650794 
3420,1,4,3,0.75757575757576 
108,1,4,4,0.88571428571429 
20,5,3,3,1.46153846153846 
2669,1,4,4,1.12068965517241 
4105,1,4,4,0.70212765957447 
1836,1,4,4,0.70370370370370 
2007,1,4,4,0.84848484848485 
3741,3,3,4,0.94117647058824 
3655,1,4,4,1.12068965517241 
1250,5,9,3,1.10000000000000 
2062,1,4,4,0.75757575757576 
1621,2,9,9,0.93650793650794 
3350,1,4,4,0.71264367816092 
2010,5,3,3,0.77777777777778 
1557,1,4,4,0.66000000000000 
4228,2,2,2,1.50000000000000 
99,1,4,4,1.12068965517241 
417,1,4,4,0.82608695652174 
2455,1,3,3,0.69230769230769 
4271,2,1,1,0.97297297297297 
1708,3,3,3,0.93333333333333 
3224,3,3,3,1.06250000000000 
3429,1,4,4,0.73809523809524 
710,1,4,4,1.11111111111111 
898,2,1,2,1.00000000000000 
2510,1,3,3,0.80882352941177 
110,1,4,4,0.71264367816092 
4213,5,3,2,0.87301587301587 
1826,2,3,3,1.25000000000000 
3754,1,4,4,0.90410958904110 
1623,2,1,1,0.82608695652174 
1217,1,4,4,0.71264367816092 
3878,2,1,1,0.68085106382979 
4098,5,9,3,0.80882352941177 
105,2,1,1,2.14285714285714 
3080,2,1,1,1.43243243243243 
1822,2,1,1,0.68750000000000 
3615,2,3,3,0.66000000000000 
823,1,4,3,0.71264367816092 
3545,2,1,1,0.93650793650794 
1266,1,4,4,0.83333333333333 
759,5,2,2,1.46153846153846 
3433,5,3,3,0.73809523809524 
3068,1,3,9,1.38461538461538 
1761,2,2,2,0.73333333333333 
553,3,2,2,0.68085106382979 
4295,1,4,4,1.06250000000000 
3208,2,3,3,1.11111111111111 
1824,6,3,3,1.00000000000000 
1971,4,3,3,0.69230769230769 
2942,2,2,1,2.00000000000000 
3564,1,3,3,0.78571428571429 
2099,2,2,1,0.82608695652174 
992,2,9,3,0.77777777777778 
112,2,1,1,0.75000000000000 
2562,1,4,4,1.11111111111111 
1620,1,3,3,0.68750000000000 
1111,1,4,4,0.96774193548387 
1109,1,4,4,0.77777777777778 
3509,2,9,9,0.68085106382979 
2542,3,2,2,0.80882352941177 
3884,2,1,1,0.71264367816092 
428,2,3,4,0.73913043478261 
3914,1,4,4,0.88571428571429 
4107,2,2,2,0.43750000000000 
774,1,4,4,0.88571428571429 
3243,1,3,4,0.82608695652174 
4154,6,3,4,0.77777777777778 
1290,1,3,3,0.90410958904110 
2045,1,4,4,0.78260869565217 
2959,2,1,1,0.75000000000000 
96,1,4,4,0.68750000000000 
2193,1,4,4,0.70212765957447 
567,1,3,4,0.80882352941177 
817,5,3,3,0.54545454545455 
1471,2,1,9,0.83333333333333 
2309,1,4,4,0.96774193548387 
3941,4,4,1,1.10000000000000 
3508,1,4,4,0.73913043478261 
4577,1,3,3,0.93650793650794 
4029,5,9,9,0.82608695652174 
2144,1,4,4,0.70370370370370 
2356,1,4,4,1.05555555555555 
3307,5,1,1,1.06250000000000 
2159,1,4,3,0.70212765957447 
1656,5,2,4,1.43243243243243 
498,2,9,1,1.30769230769230 
1019,1,4,4,0.71264367816092 
368,3,3,3,0.66000000000000 
227,3,3,4,0.90410958904110 
1827,5,3,3,0.70212765957447 
946,1,4,4,1.00000000000000 
4570,1,3,3,1.87500000000000 
1742,1,4,3,0.73809523809524 
3205,2,2,2,1.00000000000000 
613,1,4,4,1.40000000000000 
360,5,3,1,1.38461538461538 
929,4,1,1,0.80882352941177 
803,1,3,3,0.93333333333333 
1096,1,4,4,1.12068965517241 
3250,2,2,2,1.38461538461538 
184,6,3,4,2.60000000000000 
3491,2,2,2,0.71264367816092 
1814,1,3,3,2.50000000000000 
4198,1,4,4,0.93333333333333 
255,6,3,3,0.71264367816092 
4414,2,1,1,1.11111111111111 
3561,3,9,2,0.70212765957447 
4036,1,4,4,0.73913043478261 
3188,2,9,2,0.68750000000000 
4292,2,3,2,0.90000000000000 
2147,2,1,1,0.54545454545455 
2051,1,4,4,0.78571428571429 
490,1,3,3,1.12068965517241 
2411,2,2,2,1.00000000000000 
3438,1,4,4,0.66000000000000 
913,1,4,3,0.68750000000000 
3085,1,3,3,2.50000000000000 
1407,1,4,4,0.68085106382979 
534,2,3,3,0.82608695652174 
3832,1,4,4,1.15384615384615 
544,2,2,3,0.68085106382979 
1151,1,4,4,0.93333333333333 
3897,2,1,1,0.73913043478261 
2339,1,3,3,0.81481481481482 
3863,1,4,4,0.87301587301587 
1004,2,2,9,1.11111111111111 
1754,3,2,2,1.43243243243243 
1558,3,3,3,0.94117647058824 
205,1,4,4,0.86956521739130 
3025,2,4,2,0.54545454545455 
1689,2,1,1,0.73809523809524 
855,5,2,2,0.90410958904110 
3688,6,9,9,0.73809523809524 
401,2,1,1,1.43243243243243 
440,6,3,4,0.96774193548387 
3383,5,9,9,0.82608695652174 
3000,2,1,1,1.43243243243243 
2398,5,2,1,1.87500000000000 
1046,2,1,1,0.68750000000000 
3078,1,4,4,0.43750000000000 
3218,2,1,2,0.78260869565217 
1256,2,1,1,0.84848484848485 
3798,1,4,4,1.20000000000000 
3410,3,1,1,0.93333333333333 
277,1,4,4,1.43243243243243 
4410,2,9,9,0.66000000000000 
1205,5,3,3,1.06250000000000 
59,1,3,4,0.71264367816092 
2948,2,2,2,0.81481481481482 
2103,1,1,4,0.88571428571429 
144,3,2,2,0.87301587301587 
2122,1,4,4,3.66666666666666 
1354,1,4,4,1.06250000000000 
827,2,1,1,0.92857142857143 
4055,1,4,4,0.90410958904110 
1360,2,1,1,0.87301587301587 
2611,1,4,4,1.05555555555555 
2272,4,1,1,0.87301587301587 
3248,4,2,9,0.93650793650794 
820,3,2,9,0.90410958904110 
2785,1,4,4,0.68085106382979 
655,5,3,3,0.88571428571429 
2196,1,3,3,0.90410958904110 
4598,1,4,4,0.96774193548387 
4605,3,1,2,1.00000000000000 
1980,4,2,1,0.92857142857143 
610,2,1,1,0.66000000000000 
2894,2,1,1,0.68085106382979 
3172,1,4,4,0.97297297297297 
3614,1,4,4,0.78260869565217 
2878,1,3,3,0.80882352941177 
1351,1,4,4,0.96774193548387 
2975,1,4,4,0.97297297297297 
43,1,4,4,0.71264367816092 
4112,2,9,1,0.87301587301587 
3794,3,2,2,1.40000000000000 
3745,5,9,2,0.69230769230769 
694,2,2,1,0.54545454545455 
1486,1,3,3,0.93650793650794 
3767,1,3,3,0.75000000000000 
627,1,4,4,0.80882352941177 
2163,1,3,3,0.71264367816092 
1212,6,2,2,0.96774193548387 
1195,2,4,4,0.93333333333333 
3902,2,2,2,0.71264367816092 
889,2,1,1,1.11111111111111 
4600,1,4,4,0.90410958904110 
3236,1,4,4,0.70212765957447 
1424,1,4,3,0.97297297297297 
3286,1,4,3,1.00000000000000 
3362,2,1,1,1.88888888888888 
529,1,3,3,1.11111111111111 
1957,1,3,3,0.78260869565217 
3471,2,1,1,0.96774193548387 
3264,1,3,4,0.78571428571429 
2935,2,1,1,0.81481481481482 
359,1,4,3,0.87500000000000 
1033,1,4,4,0.71264367816092 
1889,1,3,3,0.97297297297297 
3400,3,2,2,0.96774193548387 
427,1,3,3,0.94117647058824 
2131,5,3,4,0.77777777777778 
1875,1,4,4,0.73333333333333 
3849,6,3,3,1.50000000000000 
3499,6,2,2,0.78571428571429 
3351,2,2,3,0.54545454545455 
2239,1,4,4,0.70212765957447 
578,1,4,4,0.68750000000000 
1286,2,2,2,0.83333333333333 
1698,6,3,4,0.75757575757576 
4005,1,3,4,0.75757575757576 
3317,3,2,2,0.66000000000000 
2111,1,4,4,0.80882352941177 
1751,2,3,3,1.12068965517241 
3229,1,4,3,0.77777777777778 
1240,1,4,4,0.77777777777778 
2546,1,4,4,1.18750000000000 
267,1,3,3,0.75757575757576 
3216,1,4,4,0.97297297297297 
3855,1,4,4,0.75757575757576 
3101,5,2,2,0.75000000000000 
2587,1,3,3,3.66666666666666 
95,1,4,4,1.12068965517241 
3799,3,3,3,0.78571428571429 
3458,1,3,3,0.70212765957447 
1179,1,4,4,0.93333333333333 
994,1,3,4,1.12068965517241 
1748,3,2,2,0.90410958904110 
535,1,4,4,0.90410958904110 
1713,1,4,4,0.78260869565217 
4466,5,4,4,1.00000000000000 
738,5,3,2,0.93333333333333 
3613,2,1,1,1.00000000000000 
3303,2,1,1,0.77777777777778 
3814,1,4,4,0.90410958904110 
4615,1,3,3,0.71264367816092 
439,2,3,2,0.75000000000000 
1060,3,4,3,0.88571428571429 
1862,1,3,3,0.87301587301587 
463,1,1,4,0.73913043478261 
840,2,1,1,1.00000000000000 
1835,2,1,1,0.80882352941177 
2974,2,9,2,0.81481481481482 
4553,1,3,3,1.50000000000000 
1273,1,3,4,0.75000000000000 
4214,1,4,4,0.87301587301587 
682,1,4,4,0.88571428571429 
1543,2,3,3,0.93333333333333 
4583,1,4,4,0.73913043478261 
3263,2,9,9,2.40000000000000 
1796,2,1,1,0.77777777777778 
4174,1,4,4,8.00000000000000 
80,1,4,4,0.77777777777778 
1702,1,3,4,1.50000000000000 
415,6,3,3,0.66000000000000 
2350,1,4,4,0.66000000000000 
2133,3,3,3,0.75757575757576 
2834,1,4,4,0.80882352941177 
3143,5,9,2,1.11111111111111 
1984,1,4,1,1.63636363636363 
1238,1,3,4,1.15384615384615 
2050,5,2,1,0.75757575757576 
1005,1,9,3,0.73333333333333 
3670,1,4,3,0.97297297297297 
1476,2,1,1,0.96774193548387 
3013,5,2,2,0.75000000000000 
262,1,4,4,1.43243243243243 
2508,2,1,1,0.80882352941177 
4307,6,3,4,0.77777777777778 
176,2,2,1,0.83333333333333 
1029,6,4,4,0.88571428571429 
3330,4,3,3,0.73333333333333 
1316,1,4,4,0.73333333333333 
3038,2,1,1,0.97297297297297 
326,1,3,4,1.46153846153846 
3448,5,9,9,0.87301587301587 
1669,1,3,3,0.90410958904110 
3775,1,4,3,0.93650793650794 
2152,2,1,1,0.68750000000000 
2450,5,1,4,0.88571428571429 
3240,1,4,4,0.71264367816092 
4244,1,3,3,1.38461538461538 
862,1,3,4,0.66000000000000 
4123,2,1,1,1.40000000000000 
749,3,3,3,0.93333333333333 
328,5,9,2,0.73809523809524 
1647,1,4,3,0.73809523809524 
3826,3,3,3,0.68085106382979 
3558,2,2,1,0.66000000000000 
1466,3,3,3,0.96774193548387 
1073,1,4,4,0.71264367816092 
109,4,2,2,0.93333333333333 
3953,2,1,2,0.77777777777778 
3511,2,1,2,0.84848484848485 
3627,1,1,1,0.96774193548387 
2338,1,3,3,1.46153846153846 
2996,2,2,2,0.81481481481482 
3722,1,3,4,0.92857142857143 
2307,1,4,4,0.87301587301587 
2457,1,3,3,0.88888888888889 
3776,1,4,4,0.87301587301587 
1158,5,3,3,0.70212765957447 
1396,1,4,4,0.97297297297297 
522,1,4,4,0.93650793650794 
11,2,2,1,0.96774193548387 
4614,1,4,4,0.54545454545455 
2292,2,2,2,0.96774193548387 
681,1,4,4,0.73809523809524 
575,6,3,3,0.70370370370370 
1001,1,3,4,1.00000000000000 
33,3,3,3,1.06250000000000 
4316,2,1,1,0.77777777777778 
2995,2,1,1,0.97297297297297 
2633,2,2,1,1.18750000000000 
3014,2,1,1,1.50000000000000 
1610,4,1,1,0.77777777777778 
3199,4,2,1,1.12068965517241 
2402,6,3,4,1.50000000000000 
2046,1,4,4,0.78260869565217 
1956,1,4,3,0.78571428571429 
1194,4,4,3,0.70212765957447 
1296,1,4,4,1.06250000000000 
3368,1,4,4,1.00000000000000 
3626,2,2,2,0.66000000000000 
1144,1,4,4,1.12068965517241 
3503,1,4,4,0.68750000000000 
2535,2,2,1,0.96774193548387 
3320,1,4,4,1.06250000000000 
1168,1,4,4,0.71264367816092 
1931,2,1,1,1.46153846153846 
1929,1,3,4,1.03030303030303 
3418,1,4,4,0.73809523809524 
1856,2,1,1,0.70212765957447 
4642,1,3,3,0.92857142857143 
2368,5,2,2,1.00000000000000 
1798,1,4,3,1.12068965517241 
2273,2,1,1,0.96774193548387 
620,2,1,1,0.73913043478261 
895,1,3,4,0.96774193548387 
1288,2,1,1,1.60000000000000 
194,5,3,3,0.54545454545455 
3949,1,1,4,0.54545454545455 
3991,1,4,4,0.78571428571429 
3280,1,4,3,1.30769230769230 
1818,2,2,9,2.40000000000000 
1470,5,3,3,0.71264367816092 
1112,4,1,2,0.80882352941177 
1943,1,4,4,0.68085106382979 
822,1,3,3,0.73913043478261 
2449,5,2,2,0.75000000000000 
1037,2,1,1,0.73809523809524 
3516,2,2,2,1.25000000000000 
1973,3,1,1,0.88888888888889 
2981,3,3,3,1.66666666666666 
3852,6,2,2,0.90000000000000 
2086,1,4,4,0.68750000000000 
4297,1,4,4,0.87301587301587 
3212,2,2,2,0.78260869565217 
3036,2,4,4,1.66666666666666 
3355,2,3,2,1.20000000000000 
3114,2,9,2,0.54545454545455 
3281,1,4,4,0.68085106382979 
3720,2,2,1,1.11111111111111 
2649,5,2,2,0.96774193548387 
1018,1,4,4,0.68750000000000 
3201,1,4,4,1.50000000000000 
593,2,2,1,1.11111111111111 
1799,1,4,1,1.12068965517241 
365,1,4,3,1.03030303030303 
2811,1,4,4,0.96774193548387 
2722,2,2,1,1.05555555555555 
92,1,4,3,0.77777777777778 
3170,1,4,4,0.43750000000000 
4006,1,4,4,0.75000000000000 
1460,1,4,4,0.87301587301587 
3817,1,3,4,0.97297297297297 
4489,1,4,4,0.82608695652174 
3266,2,1,1,1.06250000000000 
2612,2,1,1,1.05555555555555 
679,3,3,3,0.71264367816092 
324,1,1,4,0.75757575757576 
2724,1,4,4,1.05555555555555 
3985,3,4,4,0.96774193548387 
725,5,3,3,0.87301587301587 
1684,2,2,1,0.73809523809524 
1437,5,3,9,1.50000000000000 
185,1,3,3,0.68750000000000 
2110,1,3,4,0.70370370370370 
303,5,2,2,0.77777777777778 
4533,1,4,3,0.71264367816092 
714,1,3,3,0.88571428571429 
458,1,3,3,0.73913043478261 
3407,3,2,2,0.66000000000000 
1268,4,3,3,0.78260869565217 
4202,1,4,4,0.93650793650794 
435,1,4,4,1.60000000000000 
2786,1,4,4,0.68085106382979 
1691,2,1,1,0.80882352941177 
657,3,2,3,1.06250000000000 
1478,2,9,2,0.84848484848485 
2655,1,3,3,2.40000000000000 
24,1,4,4,0.73809523809524 
3891,2,2,2,0.87301587301587 
3497,6,2,1,0.84848484848485 
1598,1,4,4,0.90410958904110 
180,1,4,4,0.73333333333333 
1221,3,3,3,1.00000000000000 
1039,3,2,2,0.87301587301587 
1662,2,1,1,1.43243243243243 
2599,1,4,4,4.00000000000000 
3760,1,3,3,1.12068965517241 
516,5,3,9,0.83333333333333 
4265,5,3,3,0.78260869565217 
1374,2,1,1,0.80882352941177 
1192,1,4,4,0.77777777777778 
3348,1,4,4,0.96774193548387 
1947,5,1,1,1.88888888888888 
1587,5,3,2,0.93333333333333 
1319,1,4,4,0.93650793650794 
3705,1,3,3,1.38461538461538 
1011,1,3,3,0.93650793650794 
4364,2,9,1,0.73913043478261 
1843,5,4,3,2.14285714285714 
1282,2,1,1,0.77777777777778 
1588,3,1,1,1.43243243243243 
4126,5,1,1,0.70370370370370 
685,2,2,2,0.90410958904110 
4262,1,4,4,0.77777777777778 
899,1,3,4,0.82608695652174 
1247,5,3,3,0.88571428571429 
3854,1,4,4,0.71264367816092 
234,1,4,4,0.77777777777778 
1896,2,3,3,0.73913043478261 
1325,2,1,1,1.87500000000000 
3838,2,1,1,0.97297297297297 
1682,5,1,1,0.96774193548387 
1014,3,3,2,0.66000000000000 
3357,6,2,2,0.54545454545455 
2425,6,9,9,1.10000000000000 
1876,6,3,3,1.10000000000000 
3153,2,2,3,0.75000000000000 
1923,2,2,2,1.50000000000000 
579,2,9,2,0.87301587301587 
1788,1,9,3,0.69230769230769 
2145,3,2,2,0.82608695652174 
3678,1,4,4,0.90410958904110 
3872,1,4,4,0.83333333333333 
1705,5,1,1,2.40000000000000 
2990,1,4,4,0.97297297297297 
1844,1,4,4,0.71264367816092 
153,1,4,4,0.73333333333333 
1663,3,2,2,0.73913043478261 
81,5,9,1,1.38461538461538 
3398,1,3,3,0.71264367816092 
3490,2,1,1,0.83333333333333 
4161,1,3,3,0.75757575757576 
3179,2,3,2,0.75000000000000 
1967,2,1,1,1.25000000000000 
3541,1,3,4,0.90410958904110 
834,1,4,4,0.73809523809524 
3481,3,2,1,0.96774193548387 
1627,1,4,3,0.84848484848485 
1904,5,2,2,1.87500000000000 
3870,6,3,3,0.68750000000000 
4237,6,1,1,0.73913043478261 
2752,6,1,1,0.80882352941177 
896,5,1,1,0.75000000000000 
2913,1,3,3,0.81818181818182 
1604,2,3,9,0.54545454545455 
4009,1,4,1,0.75757575757576 
4578,1,4,4,0.92857142857143 
766,1,3,4,0.96774193548387 
1085,6,1,1,0.82608695652174 
3830,2,2,2,0.81481481481482 
2440,2,1,1,0.84848484848485 
1928,3,2,2,0.66000000000000 
800,1,3,2,1.43243243243243 
3265,3,2,1,1.30769230769230 
380,2,3,2,1.20000000000000 
3504,2,1,1,0.90410958904110 
4322,6,3,4,0.94117647058824 
2754,2,2,2,1.18750000000000 
1590,2,2,1,0.70212765957447 
63,1,3,3,0.82608695652174 
2029,1,4,4,1.06250000000000 
3198,2,2,3,0.77777777777778 
3951,5,9,9,1.00000000000000 
1865,1,4,4,1.00000000000000 
1064,1,4,3,0.70370370370370 
3583,3,9,2,1.43243243243243 
4429,2,1,2,0.81481481481482 
3629,3,1,1,0.94117647058824 
2423,2,1,1,1.05555555555555 
1718,5,2,9,1.18750000000000 
1349,1,9,3,0.66000000000000 
2063,2,1,2,0.54545454545455 
2217,1,3,3,0.93650793650794 
547,1,4,4,1.06250000000000 
2721,1,4,4,0.96774193548387 
260,1,3,3,0.71264367816092 
329,1,4,4,0.69230769230769 
507,1,3,4,0.96774193548387 
1987,1,9,3,0.78260869565217 
543,1,3,3,0.66000000000000 
3484,3,3,9,0.93333333333333 
87,2,2,2,0.82608695652174 
191,3,4,4,0.90410958904110 
1898,6,2,2,0.68750000000000 
3543,1,3,3,0.90410958904110 
1444,2,1,1,0.69230769230769 
2519,2,1,1,0.68085106382979 
434,1,4,4,0.90410958904110 
2794,1,4,4,0.68085106382979 
13,1,4,4,0.77777777777778 
4467,1,4,4,2.40000000000000 
2775,2,1,1,0.68085106382979 
3571,2,1,1,0.92857142857143 
1624,1,4,4,1.11111111111111 
3244,1,3,3,0.70212765957447 
1603,1,4,4,0.90410958904110 
501,1,4,4,0.75757575757576 
1298,1,3,3,1.12068965517241 
3262,1,9,3,0.93333333333333 
1639,6,2,2,0.81481481481482 
3843,1,4,3,0.87301587301587 
4506,1,4,4,0.86956521739130 
1703,1,4,4,0.68750000000000 
1782,1,4,4,0.77777777777778 
2702,1,3,3,2.66666666666666 
1193,1,4,1,0.81481481481482 
885,1,3,3,1.06250000000000 
4146,1,4,4,1.20000000000000 
4194,1,4,4,0.71264367816092 
1801,1,4,3,0.73333333333333 
2804,4,1,1,1.18750000000000 
4306,5,1,3,0.80882352941177 
1861,1,3,3,0.93333333333333 
3806,1,4,4,1.30769230769230 
210,3,3,3,1.63636363636363 
270,2,2,1,0.77777777777778 
1442,1,4,4,0.69230769230769 
2149,3,4,3,0.93333333333333 
316,1,4,3,1.43243243243243 
828,3,1,1,0.66000000000000 
1614,1,4,4,0.75757575757576 
4346,1,3,3,0.82608695652174 
452,1,1,1,0.87301587301587 
2700,1,3,4,2.66666666666666 
2310,2,2,2,0.77777777777778 
3693,2,1,9,0.66000000000000 
2065,1,4,3,1.25000000000000 
2348,2,1,1,0.77777777777778 
211,1,3,4,0.68750000000000 
1267,1,4,4,0.70212765957447 
4226,1,4,4,1.12068965517241 
1599,5,3,3,0.73809523809524 
1201,1,4,4,2.14285714285714 
55,1,4,4,1.12068965517241 
4131,2,1,1,1.06250000000000 
715,1,4,4,1.11111111111111 
4024,1,4,4,0.77777777777778 
2294,1,4,4,0.90410958904110 
2295,1,4,4,1.12068965517241 
3396,3,3,2,0.82608695652174 
2156,6,1,1,0.71264367816092 
3932,1,4,4,1.12068965517241 
2198,1,4,4,0.81818181818182 
1961,2,1,1,0.68085106382979 
2324,1,3,3,1.15384615384615 
2658,2,1,2,0.96774193548387 
1340,4,1,1,1.11111111111111 
1494,3,3,2,0.73913043478261 
78,2,1,1,1.00000000000000 
2413,1,4,3,0.68085106382979 
1167,5,3,3,1.15384615384615 
3033,2,2,2,0.97297297297297 
3193,1,4,4,0.88571428571429 
3898,2,2,2,2.40000000000000 
4075,2,2,2,1.46153846153846 
1258,2,4,3,0.96774193548387 
1821,1,3,3,1.06250000000000 
3743,1,4,4,0.73913043478261 
3326,1,3,4,0.68750000000000 
4441,5,2,2,0.83333333333333 
4584,1,4,4,0.77777777777778 
2557,1,4,4,1.18750000000000 
2421,1,3,3,0.68085106382979 
3200,5,4,3,0.78571428571429 
4133,1,4,4,0.73913043478261 
1789,2,1,1,1.03030303030303 
3710,1,3,2,1.03030303030303 
1535,1,4,4,0.86956521739130 
4221,1,1,4,0.82608695652174 
395,1,4,4,2.40000000000000 
959,1,4,4,0.75757575757576 
1301,2,3,3,0.87301587301587 
2795,1,4,4,0.68085106382979 
3917,3,9,2,1.75000000000000 
948,2,1,1,0.68085106382979 
2200,1,3,4,0.68085106382979 
978,1,2,3,0.71264367816092 
4102,1,4,4,0.68750000000000 
4183,2,1,1,1.00000000000000 
3812,2,1,1,0.97297297297297 
3649,2,2,2,0.90410958904110 
4197,1,3,3,0.90410958904110 
2415,2,2,2,0.68750000000000 
6,1,4,4,1.12068965517241 
392,1,4,4,1.63636363636363 
505,3,3,9,2.00000000000000 
4343,2,3,3,0.83333333333333 
1869,2,1,1,1.12068965517241 
4612,5,2,2,0.84848484848485 
394,1,2,2,0.87301587301587 
3290,1,3,3,1.11111111111111 
933,3,3,3,0.93333333333333 
1954,1,4,4,0.87301587301587 
3595,1,4,4,0.68750000000000 
2382,1,4,4,0.96774193548387 
2743,1,4,4,0.80882352941177 
1617,3,1,1,1.06250000000000 
1382,2,9,2,0.70370370370370 
1308,1,4,4,0.82608695652174 
4367,5,1,1,1.12068965517241 
337,1,4,4,1.15384615384615 
3378,1,4,4,0.96774193548387 
1163,1,4,4,0.86956521739130 
3905,1,3,4,0.80882352941177 
111,1,3,4,1.06250000000000 
3196,1,3,3,0.96774193548387 
2311,1,4,3,1.12068965517241 
2466,1,4,4,0.68085106382979 
2810,1,3,4,2.14285714285714 
3070,5,3,3,0.97297297297297 
1625,1,4,3,0.93650793650794 
3801,4,2,2,0.87301587301587 
3076,2,2,2,0.43750000000000 
2326,1,3,4,0.73913043478261 
1261,5,2,2,0.83333333333333 
1120,1,4,3,1.15384615384615 
4019,1,4,4,0.88888888888889 
2171,5,3,4,1.12068965517241 
1441,1,4,4,0.92857142857143 
1524,3,3,1,1.43243243243243 
1631,4,1,1,1.25000000000000 
3777,2,3,3,0.93333333333333 
2274,1,4,3,0.43750000000000 
3844,4,1,2,0.70212765957447 
4257,3,4,3,2.00000000000000 
4025,1,4,4,0.83333333333333 
1750,3,3,9,0.66000000000000 
1854,5,9,9,0.93333333333333 
1839,6,3,3,0.88888888888889 
1985,2,1,1,0.68085106382979 
1102,1,4,4,0.71264367816092 
1966,5,2,2,1.06250000000000 
845,1,3,3,0.71264367816092 
1459,1,4,4,0.87301587301587 
3724,1,4,4,1.12068965517241 
2417,1,4,4,1.20000000000000 
2114,1,3,3,1.00000000000000 
278,1,4,4,0.93650793650794 
931,1,4,4,0.90410958904110 
2301,1,4,4,0.93650793650794 
2885,3,3,3,1.18750000000000 
4011,2,9,9,0.71264367816092 
4516,4,2,2,1.18750000000000 
222,5,1,1,2.66666666666666 
3116,6,2,2,0.77777777777778 
583,2,2,3,0.80882352941177 
2390,4,3,3,0.84848484848485 
2955,2,2,2,0.75000000000000 
3719,1,4,4,0.71264367816092 
2391,2,3,3,2.14285714285714 
90,4,9,9,0.82608695652174 
3092,2,1,1,0.54545454545455 
4045,1,3,3,0.87301587301587 
1648,3,2,9,1.43243243243243 
843,1,4,4,1.63636363636363 
641,1,4,4,1.50000000000000 
3703,6,4,4,0.54545454545455 
193,1,4,4,0.73809523809524 
2076,1,4,1,0.78260869565217 
568,1,4,4,0.82608695652174 
1233,2,2,1,0.54545454545455 
76,5,3,3,1.00000000000000 
3853,2,1,4,0.87301587301587 
3721,1,3,3,0.73333333333333 
1680,1,4,4,0.75757575757576 
1912,5,1,9,1.11111111111111 
1728,1,1,4,0.90410958904110 
2409,1,4,4,0.87301587301587 
3255,1,3,3,0.70212765957447 
1697,5,3,2,0.73913043478261 
214,1,4,4,1.60000000000000 
902,1,4,4,0.71264367816092 
2393,5,9,3,0.81481481481482 
944,1,3,4,0.70212765957447 
2551,1,4,4,2.10000000000000 
3865,1,4,4,0.93650793650794 
1701,1,4,4,0.88888888888889 
3210,1,3,4,0.87301587301587 
2430,5,2,2,2.66666666666666 
3046,2,2,2,0.75000000000000 
2189,4,3,3,0.87500000000000 
1076,4,3,3,0.96774193548387 
3804,1,4,4,0.87301587301587 
2766,2,1,2,0.80882352941177 
2153,3,4,4,0.90000000000000 
2371,2,1,1,2.10000000000000 
2925,4,1,1,2.10000000000000 
667,1,4,4,0.66000000000000 
2469,2,1,1,2.66666666666666 
1911,1,3,2,1.06250000000000 
3321,1,4,3,0.96774193548387 
4547,1,4,4,0.82608695652174 
1488,2,2,9,0.69230769230769 
2891,1,4,4,2.66666666666666 
3221,1,3,3,0.80882352941177 
2462,5,3,9,0.68085106382979 
4420,1,4,4,0.73913043478261 
2170,1,9,3,0.86956521739130 
4634,2,9,2,2.14285714285714 
2024,2,1,1,1.05555555555555 
1313,2,2,2,0.87301587301587 
2448,1,3,3,0.70370370370370 
2190,1,3,3,0.84848484848485 
3908,1,4,4,0.93650793650794 
3081,1,4,3,0.54545454545455 
2201,4,3,3,0.66000000000000 
2392,5,3,3,2.14285714285714 
686,2,1,1,0.77777777777778 
413,1,4,4,1.12068965517241 
1595,1,4,4,0.87301587301587 
4156,1,3,3,0.71264367816092 
1142,2,1,1,0.83333333333333 
1790,5,9,2,0.77777777777778 
2573,2,1,1,2.14285714285714 
2397,2,3,9,0.71264367816092 
3008,2,1,1,0.97297297297297 
819,3,3,3,0.93333333333333 
3816,1,4,4,1.00000000000000 
2745,1,4,4,0.80882352941177 
2833,2,1,1,0.80882352941177 
2143,5,9,3,0.75757575757576 
4360,1,4,4,0.71264367816092 
936,1,3,3,0.81818181818182 
1062,1,4,3,1.03030303030303 
3480,3,3,3,0.93650793650794 
3239,1,4,4,0.92857142857143 
990,3,9,3,0.86956521739130 
3946,5,2,1,0.73913043478261 
2638,3,1,1,2.10000000000000 
2647,5,2,1,0.96774193548387 
2720,2,1,1,2.14285714285714 
295,1,3,4,0.70370370370370 
1080,1,4,3,0.73809523809524 
577,2,2,2,1.66666666666666 
3018,2,1,1,0.54545454545455 
4552,5,2,2,0.43750000000000 
1564,1,4,3,1.50000000000000 
3599,2,3,3,0.84848484848485 
1464,1,4,4,0.90410958904110 
3254,2,3,3,1.38461538461538 
2986,2,1,9,0.43750000000000 
4389,2,1,1,1.12068965517241 
3606,6,3,3,1.87500000000000 
2539,1,3,3,0.80882352941177 
4280,1,3,3,0.71264367816092 
164,1,4,4,0.93650793650794 
584,1,4,4,0.54545454545455 
4455,1,4,4,1.00000000000000 
4440,1,3,3,0.73333333333333 
968,1,4,3,1.30769230769230 
3053,2,1,1,1.66666666666666 
3441,4,2,2,1.46153846153846 
1199,1,4,4,0.75000000000000 
2838,1,4,1,1.20000000000000 
1036,2,3,9,0.84848484848485 
2126,2,2,2,0.87301587301587 
3329,2,1,2,0.90000000000000 
3995,3,1,1,0.84848484848485 
3461,5,3,3,0.54545454545455 
3270,1,4,4,1.50000000000000 
409,1,4,4,0.78260869565217 
1048,1,2,3,0.88571428571429 
566,1,4,4,0.73913043478261 
3668,3,2,1,0.54545454545455 
2503,1,4,4,0.80882352941177 
1159,1,3,4,0.87301587301587 
2216,2,9,2,0.97297297297297 
1310,3,3,2,1.40000000000000 
1811,1,3,3,1.25000000000000 
3235,3,9,9,0.66000000000000 
3450,1,4,4,0.70212765957447 
2113,1,4,4,0.90410958904110 
1872,2,2,1,0.82608695652174 
1771,5,1,2,0.75000000000000 
698,1,4,4,0.94117647058824 
3998,5,3,3,0.77777777777778 
3135,1,4,4,1.60000000000000 
15,1,4,4,0.78260869565217 
3242,1,4,4,1.00000000000000 
696,1,4,4,0.75757575757576 
2931,5,2,2,0.82608695652174 
863,1,4,4,0.54545454545455 
1594,2,1,1,0.87301587301587 
2162,1,4,4,1.15384615384615 
2826,1,3,3,0.68085106382979 
901,1,4,4,1.25000000000000 
556,6,1,1,0.70212765957447 
3354,5,1,2,0.54545454545455 
3237,5,1,1,0.77777777777778 
1756,1,3,3,0.71264367816092 
4587,2,1,1,0.87301587301587 
2782,1,4,4,0.68085106382979 
4303,1,4,4,0.71264367816092 
4159,3,3,9,1.12068965517241 
2467,1,4,4,0.68085106382979 
1950,1,4,3,0.78260869565217 
3183,1,1,4,0.69230769230769 
711,1,4,1,0.75757575757576 
3507,1,4,4,1.03030303030303 
4170,1,2,2,0.80882352941177 
3283,1,4,4,0.92857142857143 
2983,1,1,1,1.03030303030303 
1204,1,3,3,0.70370370370370 
1609,2,1,1,0.69230769230769 
1502,2,9,2,0.54545454545455 
1010,1,4,4,0.68750000000000 
1392,1,4,4,0.81818181818182 
1518,3,3,3,0.83333333333333 
2232,1,4,4,2.14285714285714 
4478,3,2,3,1.43243243243243 
2636,2,2,3,1.18750000000000 
3589,3,2,3,0.93333333333333 
3148,2,1,1,1.60000000000000 
3136,1,4,3,0.97297297297297 
4299,1,4,1,0.77777777777778 
4638,1,4,4,1.60000000000000 
2490,2,1,1,0.80882352941177 
4545,1,4,4,0.90410958904110 
2675,1,4,4,0.80882352941177 
198,5,3,3,0.71264367816092 
4254,2,1,1,1.05555555555555 
3338,1,4,4,0.86956521739130 
3162,2,1,1,1.88888888888888 
1414,3,3,3,0.93333333333333 
1289,6,4,3,1.50000000000000 
4300,2,3,3,0.77777777777778 
1056,1,1,4,0.90410958904110 
3492,1,4,4,1.03030303030303 
1376,1,3,3,1.06250000000000 
1582,3,4,4,1.11111111111111 
1393,1,4,4,0.68750000000000 
466,1,2,3,1.50000000000000 
1254,4,1,1,0.73913043478261 
756,5,1,1,0.68750000000000 
1571,1,1,4,1.12068965517241 
21,1,3,4,1.00000000000000 
1417,2,1,1,0.66000000000000 
4281,2,2,2,0.77777777777778 
3596,3,9,2,1.20000000000000 
1190,1,4,4,0.96774193548387 
3579,2,1,1,1.30769230769230 
3795,1,4,4,0.68750000000000 
3156,1,3,9,1.50000000000000 
573,1,3,3,1.50000000000000 
1600,1,3,3,1.03030303030303 
3293,1,3,3,0.93650793650794 
2563,1,4,4,0.96774193548387 
3386,1,3,4,2.00000000000000 
1773,1,4,4,1.43243243243243 
4000,1,4,4,1.15384615384615 
3346,1,4,4,0.73913043478261 
302,1,3,4,0.54545454545455 
1519,1,1,4,0.69230769230769 
1352,3,1,1,0.96774193548387 
3673,3,2,2,0.66000000000000 
1448,3,9,2,1.03030303030303 
2538,1,4,4,2.40000000000000 
3364,1,4,4,0.88888888888889 
1152,2,1,1,0.97297297297297 
2778,2,9,9,0.68085106382979 
1540,3,3,3,0.73809523809524 
4168,1,3,4,0.86956521739130 
3073,1,4,4,0.43750000000000 
2906,2,1,1,0.96774193548387 
4656,2,3,3,0.97297297297297 
1937,1,4,4,0.73333333333333 
3718,1,4,1,1.12068965517241 
3004,1,4,4,0.54545454545455 
2315,2,9,3,1.20000000000000 
1840,1,4,4,0.73333333333333 
2264,1,4,4,0.90000000000000 
1367,1,4,3,2.60000000000000 
3811,1,4,4,0.93333333333333 
3737,1,3,9,0.87301587301587 
2061,5,1,1,0.97297297297297 
1107,1,4,4,0.77777777777778 
241,2,1,1,0.90410958904110 
1632,1,4,4,1.60000000000000 
1434,1,4,4,0.75757575757576 
1848,6,9,3,0.71264367816092 
3487,1,3,2,1.87500000000000 
1622,1,4,4,0.90410958904110 
299,2,2,3,0.84848484848485 
1312,1,3,3,0.73913043478261 
3011,2,2,1,0.81481481481482 
4548,1,4,4,0.97297297297297 
4017,1,4,4,0.75757575757576 
2020,2,1,1,0.77777777777778 
2052,1,3,4,0.77777777777778 
1731,1,4,3,0.66000000000000 
810,1,4,4,1.12068965517241 
1365,2,2,1,0.82608695652174 
4050,4,9,2,0.80882352941177 
3271,3,3,3,0.68750000000000 
2471,2,2,9,0.68085106382979 
4193,1,4,4,0.90410958904110 
981,1,4,4,0.73333333333333 
2683,1,3,3,2.40000000000000 
3580,3,1,1,0.93333333333333 
3810,6,9,3,2.40000000000000 
4083,1,4,4,1.00000000000000 
4240,3,2,2,1.43243243243243 
4158,1,3,4,0.84848484848485 
4012,2,1,1,0.97297297297297 
3827,2,1,1,0.54545454545455 
3989,1,4,4,1.87500000000000 
1336,1,4,4,0.90000000000000 
1242,2,9,2,0.97297297297297 
2233,1,4,4,0.93650793650794 
1530,1,4,4,0.87301587301587 
3965,5,3,3,0.73809523809524 
136,4,3,2,0.73913043478261 
3977,1,4,4,0.75000000000000 
2758,1,3,3,1.18750000000000 
2618,1,4,4,1.05555555555555 
50,5,1,1,1.50000000000000 
859,2,1,1,0.80882352941177 
3641,2,1,1,0.71264367816092 
2049,3,4,4,0.54545454545455 
773,1,4,4,1.00000000000000 
1134,1,4,4,0.73913043478261 
2263,1,4,4,2.66666666666666 
2282,1,4,4,0.71264367816092 
2287,2,1,1,0.93650793650794 
3476,1,4,1,2.66666666666666 
1164,1,4,4,0.73333333333333 
2744,2,9,3,2.40000000000000 
2291,1,4,4,0.73333333333333 
1171,1,4,3,0.75757575757576 
4701,1,4,4,3.66666666666666 
2303,1,4,4,0.82608695652174 
1184,3,2,2,0.66000000000000 
3105,3,2,1,1.00000000000000 
2323,1,1,4,0.82608695652174 
4436,1,3,4,0.71264367816092 
2340,1,3,3,0.96774193548387 
300,2,2,9,0.87301587301587 
2260,1,4,4,0.90000000000000 
1206,1,3,3,0.77777777777778 
3003,5,1,1,0.90410958904110 
2405,3,2,3,0.77777777777778 
2525,1,4,4,0.96774193548387 
1140,6,3,3,0.93650793650794 
2047,1,4,4,1.12068965517241 
2458,1,4,4,0.86956521739130 
781,3,1,1,0.84848484848485 
1202,1,4,4,0.87500000000000 
250,3,3,4,0.80882352941177 
1681,1,4,4,0.87301587301587 
1162,1,4,4,0.86956521739130 
1451,1,3,3,1.05555555555555 
1479,5,1,1,4.00000000000000 
1510,3,3,9,0.54545454545455 
2441,3,3,3,0.90410958904110 
675,1,4,4,0.87301587301587 
3611,2,1,1,0.86956521739130 
1551,1,4,3,1.88888888888888 
2238,2,1,1,0.96774193548387 
3956,6,2,2,0.80882352941177 
2241,1,3,3,1.00000000000000 
1219,3,1,3,0.68750000000000 
1228,4,3,2,1.46153846153846 
215,3,3,3,0.82608695652174 
2304,1,4,4,0.93333333333333 
3434,1,4,3,0.87301587301587 
953,1,4,4,0.78260869565217 
3890,1,3,4,0.68750000000000 
882,1,3,3,0.71264367816092 
2213,1,4,4,0.90410958904110 
2375,1,4,4,1.00000000000000 
4430,1,4,4,0.90410958904110 
1173,2,1,1,0.80882352941177 
1143,3,3,9,0.66000000000000 
236,1,4,4,1.00000000000000 
1285,4,1,1,1.12068965517241 
2386,1,4,4,0.70212765957447 
2884,2,3,2,2.10000000000000 
4777,1,3,4,2.14285714285714 
2500,2,2,2,0.80882352941177 
1347,5,3,3,0.93650793650794 
2496,1,4,4,0.80882352941177 
4601,1,1,3,0.84848484848485 
1940,3,4,4,0.73913043478261 
1337,4,1,1,0.82608695652174 
2475,2,9,9,2.66666666666666 
2520,2,2,1,0.68085106382979 
1141,1,3,3,3.66666666666666 
1370,4,2,2,1.06250000000000 
2984,5,4,4,0.81481481481482 
2146,2,1,1,1.00000000000000 
1363,2,9,3,0.84848484848485 
1379,3,2,2,1.75000000000000 
1380,1,4,4,0.96774193548387 
1284,2,2,2,0.84848484848485 
223,5,1,1,0.70212765957447 
363,1,3,3,0.87500000000000 
2571,5,2,1,0.96774193548387 
1408,2,2,1,1.40000000000000 
677,5,9,2,2.00000000000000 
1412,1,3,9,1.38461538461538 
2501,2,2,2,0.80882352941177 
1458,1,4,4,0.69230769230769 
1516,2,2,2,1.00000000000000 
2249,2,3,3,0.87301587301587 
2603,2,1,1,4.00000000000000 
1465,1,4,4,0.71264367816092 
4087,1,3,4,0.86956521739130 
2482,6,1,9,2.40000000000000 
1512,1,4,4,0.77777777777778 
2622,1,4,4,1.05555555555555 
2930,1,3,4,0.70370370370370 
2626,1,4,4,0.81818181818182 
2657,2,1,1,0.80882352941177 
1533,6,4,4,0.82608695652174 
1687,1,4,4,0.70370370370370 
2661,1,4,4,0.80882352941177 
2967,3,4,3,0.78260869565217 
2667,2,1,1,0.80882352941177 
1522,1,4,4,1.11111111111111 
8,2,2,3,0.88571428571429 
1581,1,4,4,0.90410958904110 
3472,3,2,2,0.70212765957447 
2664,1,4,4,0.80882352941177 
2366,1,4,4,0.93650793650794 
2685,6,1,1,2.40000000000000 
1715,4,3,3,0.77777777777778 
2708,1,3,4,0.81818181818182 
2653,1,4,4,0.68085106382979 
1601,1,4,4,1.20000000000000 
2718,6,4,3,0.96774193548387 
1628,6,3,3,0.82608695652174 
3515,3,2,2,1.43243243243243 
1373,6,3,3,0.71264367816092 
1420,1,3,4,0.83333333333333 
1737,3,3,3,0.70370370370370 
2625,2,2,1,4.50000000000000 
2331,1,4,4,0.73913043478261 
4231,2,1,1,1.12068965517241 
1618,1,4,4,0.68750000000000 
3137,2,1,2,0.54545454545455 
922,1,4,4,0.70212765957447 
2242,5,4,4,0.54545454545455 
4409,2,1,1,0.81481481481482 
2886,2,9,3,2.14285714285714 
1291,5,1,1,0.73809523809524 
4832,2,1,1,2.10000000000000 
1645,1,3,4,1.00000000000000 
1236,2,1,1,4.00000000000000 
2761,2,2,2,1.18750000000000 
2771,2,3,2,2.40000000000000 
1489,2,2,2,0.73913043478261 
1646,2,3,3,1.88888888888888 
2749,2,2,2,0.80882352941177 
3742,1,4,4,0.93650793650794 
1658,5,2,2,0.90000000000000 
3213,5,2,1,0.73913043478261 
3184,5,2,2,0.82608695652174 
2829,2,1,2,0.96774193548387 
1667,2,1,1,1.40000000000000 
1549,1,4,4,0.75000000000000 
2868,2,9,9,0.86956521739130 
3691,4,2,1,0.73913043478261 
2080,1,4,4,0.70212765957447 
3500,1,3,3,0.68750000000000 
1244,6,3,4,0.93333333333333 
1231,2,1,1,0.90410958904110 
1674,1,4,4,0.84848484848485 
3233,3,3,2,0.66000000000000 
4032,6,9,9,1.03030303030303 
4550,1,3,9,1.03030303030303 
421,2,1,1,0.68750000000000 
740,5,1,1,1.06250000000000 
659,3,2,2,1.43243243243243 
3535,1,4,3,0.71264367816092 
1764,1,4,4,0.93650793650794 
2329,3,3,1,0.82608695652174 
1093,1,4,4,0.90410958904110 
1968,1,4,4,0.75757575757576 
1649,1,4,4,0.92857142857143 
3333,2,4,4,0.88888888888889 
4069,1,3,4,1.63636363636363 
1696,1,4,4,0.73809523809524 
1041,1,3,3,0.68750000000000 
713,5,3,3,0.92857142857143 
3807,3,3,3,1.40000000000000 
2379,1,4,4,0.73913043478261 
4215,1,4,4,0.82608695652174 
1092,1,4,4,0.92857142857143 
3569,2,2,2,0.70370370370370 
3432,3,2,2,1.30769230769230 
4026,5,1,2,1.00000000000000 
3856,1,4,4,0.87301587301587 
1988,1,4,4,0.88571428571429 
2227,1,4,4,0.73913043478261 
858,3,2,2,0.96774193548387 
3318,1,4,4,0.71264367816092 
2118,2,2,2,1.66666666666666 
1722,1,4,4,1.06250000000000 
750,3,3,3,0.66000000000000 
1724,1,4,3,0.70212765957447 
393,2,2,2,0.54545454545455 
3261,3,2,2,0.90410958904110 
283,3,2,2,0.73333333333333 
3559,2,1,1,1.12068965517241 
909,1,4,3,1.15384615384615 
4540,2,1,9,0.81481481481482 
1717,2,3,3,0.93650793650794 
245,6,3,3,0.82608695652174 
3094,1,4,4,2.00000000000000 
2092,2,1,1,0.97297297297297 
1766,1,3,4,0.73913043478261 
3030,1,3,4,0.97297297297297 
1785,1,4,3,0.69230769230769 
4519,1,4,4,0.77777777777778 
4497,1,4,4,1.18750000000000 
209,2,2,2,0.70370370370370 
961,3,2,1,0.70370370370370 
1732,3,1,1,1.43243243243243 
678,5,2,2,2.50000000000000 
4163,5,2,9,1.06250000000000 
19,1,4,4,1.50000000000000 
1927,4,1,1,0.93333333333333 
526,1,3,3,0.88888888888889 
658,2,2,2,2.00000000000000 
4038,1,3,4,0.93333333333333 
4833,2,2,2,2.10000000000000 
1161,1,4,4,0.88571428571429 
146,4,1,1,0.93650793650794 
1807,1,4,4,0.71264367816092 
3669,1,4,4,1.12068965517241 
2534,1,4,4,2.14285714285714 
1770,6,1,2,1.46153846153846 
4150,1,4,4,0.73333333333333 
1991,3,3,3,0.88888888888889 
3676,5,2,2,0.86956521739130 
3071,1,4,4,0.93333333333333 
2581,1,1,4,1.20000000000000 
1734,1,4,1,0.75000000000000 
867,2,1,1,2.50000000000000 
2678,1,3,3,0.80882352941177 
4056,1,4,4,0.70370370370370 
1999,2,2,1,1.06250000000000 
14,3,3,3,0.77777777777778 
1207,2,1,1,0.90410958904110 
3325,2,1,1,0.90410958904110 
1741,2,1,3,0.93333333333333 
1009,1,4,4,0.75757575757576 
957,1,3,2,0.96774193548387 
1759,3,3,3,0.77777777777778 
1786,1,3,3,0.92857142857143 
2568,2,2,2,0.96774193548387 
1180,5,1,1,0.68085106382979 
2037,4,2,2,1.00000000000000 
342,1,4,4,0.90410958904110 
4062,2,1,1,0.80882352941177 
3660,6,2,2,0.84848484848485 
2177,1,4,4,0.73809523809524 
1755,2,1,1,1.06250000000000 
2188,1,4,4,0.87500000000000 
3012,2,1,1,0.43750000000000 
3202,1,4,4,0.93333333333333 
921,3,1,1,0.66000000000000 
3800,1,4,4,1.06250000000000 
4342,1,4,4,1.30769230769230 
3518,1,3,4,0.68750000000000 
1837,1,4,3,0.70212765957447 
1175,3,3,4,1.43243243243243 
3468,1,4,4,0.68085106382979 
1979,3,2,3,0.66000000000000 
986,2,3,3,0.71264367816092 
1644,1,3,3,1.50000000000000 
1043,2,9,2,0.77777777777778 
3818,2,3,2,0.43750000000000 
134,1,4,4,0.88888888888889 
3079,1,3,3,1.50000000000000 
4186,2,1,1,0.73809523809524 
4312,3,3,4,1.06250000000000 
3086,5,3,3,0.78571428571429 
1495,2,3,3,0.88571428571429 
2579,2,9,2,1.20000000000000 
1900,1,4,4,0.96774193548387 
2738,2,9,9,2.40000000000000 
4093,3,3,3,0.83333333333333 
813,1,3,3,1.43243243243243 
1103,6,3,3,0.87301587301587 
722,1,4,4,0.75757575757576 
1020,2,1,1,1.18750000000000 
4070,1,4,4,0.90410958904110 
533,1,3,4,1.00000000000000 
3336,3,3,2,1.00000000000000 
2646,2,9,1,0.96774193548387 
3122,1,4,4,1.03030303030303 
3924,1,3,4,1.00000000000000 
1342,1,4,4,0.71264367816092 
1567,1,4,4,0.68750000000000 
2511,2,1,1,0.80882352941177 
3640,1,4,4,1.10000000000000 
403,1,4,4,0.82608695652174 
1871,6,3,4,0.69230769230769 
3060,3,2,2,1.43243243243243 
1583,1,4,4,0.93333333333333 
706,5,3,9,0.77777777777778 
3300,2,1,1,1.11111111111111 
2060,4,9,2,1.06250000000000 
3269,5,9,9,0.82608695652174 
3180,1,4,4,0.81481481481482 
4416,6,3,2,1.50000000000000 
3187,1,3,3,0.82608695652174 
995,2,1,1,1.00000000000000 
3704,5,1,1,0.87301587301587 
1908,2,2,2,0.96774193548387 
3373,1,4,4,0.71264367816092 
16,2,1,1,0.92857142857143 
3051,1,4,3,0.43750000000000 
799,1,3,3,0.68750000000000 
1074,1,4,9,1.50000000000000 
3206,2,1,1,1.40000000000000 
2954,2,2,3,0.77777777777778 
2003,1,4,3,1.06250000000000 
3214,1,4,3,1.03030303030303 
3748,1,4,4,0.87301587301587 
3695,1,4,4,0.90410958904110 
2005,1,3,3,1.87500000000000 
732,1,4,4,0.88888888888889 
1925,1,4,4,0.96774193548387 
3091,3,1,1,0.96774193548387 
1727,3,3,3,0.88888888888889 
3219,1,4,4,1.50000000000000 
1915,2,2,1,0.70212765957447 
2069,1,4,3,0.68750000000000 
2688,2,2,2,2.40000000000000 
919,1,3,3,0.73809523809524 
1897,5,1,1,0.93333333333333 
1568,1,3,3,1.15384615384615 
2124,1,4,4,0.92857142857143 
2014,1,3,3,1.20000000000000 
3575,5,3,3,0.92857142857143 
2004,1,4,4,0.70370370370370 
2073,1,4,4,0.54545454545455 
2474,2,2,1,0.68085106382979 
1983,1,4,4,0.68750000000000 
3209,1,3,3,0.73809523809524 
2559,2,1,1,0.96774193548387 
2039,1,4,3,0.82608695652174 
3634,2,3,3,1.60000000000000 
3150,2,1,1,0.54545454545455 
456,1,4,4,0.93650793650794 
680,5,3,3,0.84848484848485 
1063,1,4,4,0.69230769230769 
4085,1,3,4,0.94117647058824 
3284,1,4,4,0.84848484848485 
2185,1,4,4,0.90410958904110 
3690,1,4,4,0.83333333333333 
2491,1,4,4,0.80882352941177 
1800,1,4,4,0.71264367816092 
4538,2,1,1,0.54545454545455 
3374,1,4,4,0.90410958904110 
2161,1,3,3,1.66666666666666 
3379,1,4,3,2.60000000000000 
4421,2,3,2,0.75000000000000 
3015,2,1,2,1.60000000000000 
3968,1,4,3,0.68085106382979 
684,1,3,3,0.69230769230769 
4370,1,4,4,0.75000000000000 
623,1,4,4,1.00000000000000 
2308,1,3,4,0.96774193548387 
3125,1,4,4,1.50000000000000 
3345,1,3,3,1.88888888888888 
1241,1,4,4,0.69230769230769 
3612,5,3,9,0.84848484848485 
3168,5,1,1,0.93333333333333 
1765,3,3,4,0.96774193548387 
3563,6,3,3,0.92857142857143 
3412,5,1,1,0.93650793650794 
1338,1,3,3,0.54545454545455 
3600,1,4,4,0.88571428571429 
2351,1,4,4,0.93650793650794 
3455,2,2,2,1.66666666666666 
708,1,3,4,0.73333333333333 
754,1,1,1,1.50000000000000 
1084,4,1,2,0.73809523809524 
4528,1,4,4,0.71264367816092 
4554,1,4,4,0.82608695652174 
425,4,3,4,1.12068965517241 
2154,2,2,2,0.97297297297297 
449,4,3,3,0.71264367816092 
1883,1,4,4,0.75757575757576 
4454,1,4,4,0.87301587301587 
2780,3,3,3,0.68085106382979 
4494,1,4,4,0.73913043478261 
3963,5,1,2,0.73809523809524 
34,1,4,3,0.88888888888889 
1277,5,1,1,0.71264367816092 
42,1,4,4,1.00000000000000 
2134,6,1,1,0.73809523809524 
242,6,9,9,0.84848484848485 
62,1,3,3,1.12068965517241 
3341,1,4,4,0.96774193548387 
2431,2,2,2,1.11111111111111 
301,1,4,4,0.71264367816092 
2054,1,4,4,0.80882352941177 
956,1,4,4,0.87301587301587 
1295,2,1,1,0.87301587301587 
57,2,9,9,2.66666666666666 
4571,1,4,4,1.60000000000000 
4341,6,3,4,0.69230769230769 
2598,2,2,1,1.05555555555555 
3875,1,4,4,0.70370370370370 
1160,1,3,3,0.73913043478261 
3601,1,4,4,0.80882352941177 
1472,1,3,4,0.73333333333333 
626,1,4,4,0.96774193548387 
2680,2,1,1,0.80882352941177 
1007,1,4,4,0.43750000000000 
1855,2,2,3,0.90410958904110 
1323,2,1,1,0.81818181818182 
3881,1,4,4,0.93650793650794 
4298,2,1,1,0.93650793650794 
4250,3,2,3,0.93333333333333 
26,2,9,9,0.71264367816092 
1083,2,3,2,0.87301587301587 
928,1,4,3,0.70212765957447 
2071,1,3,4,0.71264367816092 
25,1,1,4,1.11111111111111 
1183,6,9,9,2.60000000000000 
951,1,9,3,1.50000000000000 
3088,2,1,1,0.97297297297297 
4434,1,3,4,0.90410958904110 
2594,1,4,4,1.20000000000000 
4551,3,3,3,0.75000000000000 
307,1,4,4,0.83333333333333 
3298,1,4,4,0.68085106382979 
1455,1,9,4,0.70212765957447 
3315,1,3,3,0.69230769230769 
3387,2,1,1,0.96774193548387 
1521,4,2,2,1.00000000000000 
1830,1,3,4,0.71264367816092 
2470,1,4,3,0.68085106382979 
355,1,4,4,1.63636363636363 
1132,1,4,4,0.94117647058824 
1091,1,3,2,0.93650793650794 
3024,2,2,1,0.81481481481482 
1635,2,1,1,0.80882352941177 
838,1,1,1,0.73333333333333 
2585,1,4,4,3.66666666666666 
2777,1,3,3,2.66666666666666 
3,1,3,2,1.03030303030303 
3762,1,4,3,1.50000000000000 
4539,2,1,1,0.70370370370370 
1081,1,4,4,1.00000000000000 
1570,5,1,2,1.03030303030303 
2962,5,1,1,0.93333333333333 
1825,5,3,1,1.06250000000000 
3131,3,3,4,1.50000000000000 
3646,1,3,4,1.12068965517241 
2668,5,1,2,0.80882352941177 
29,1,4,4,0.66000000000000 
4464,2,1,1,0.73913043478261 
1683,3,3,3,0.96774193548387 
3232,2,2,2,1.15384615384615 
3889,3,4,4,0.73913043478261 
4100,1,3,3,1.50000000000000 
3185,1,1,4,0.92857142857143 
591,2,3,3,0.81481481481482 
4358,1,4,4,1.15384615384615 
1054,1,3,3,0.68750000000000 
3163,3,3,3,0.96774193548387 
3521,1,3,3,0.78260869565217 
2536,3,4,3,0.96774193548387 
208,1,3,4,0.66000000000000 
2964,2,2,1,0.81481481481482 
2502,5,3,2,0.80882352941177 
945,1,3,3,1.06250000000000 
467,6,3,3,1.18750000000000 
3833,2,2,1,0.54545454545455 
4177,2,2,1,2.14285714285714 
3312,1,4,4,0.69230769230769 
1122,1,4,4,0.78260869565217 
3744,1,3,4,0.90410958904110 
2486,5,3,3,0.80882352941177 
4042,2,1,1,1.03030303030303 
4692,1,3,3,2.10000000000000 
2588,1,4,4,1.20000000000000 
604,5,3,3,0.97297297297297 
608,1,3,3,0.82608695652174 
79,6,3,3,0.70212765957447 
629,1,4,3,0.90410958904110 
91,6,4,3,0.77777777777778 
4103,1,4,4,0.78260869565217 
650,1,3,3,1.03030303030303 
611,1,3,3,0.70370370370370 
4144,1,1,4,0.86956521739130 
2547,6,2,9,1.18750000000000 
123,1,4,4,0.92857142857143 
4063,1,4,4,0.80882352941177 
704,1,4,4,0.93650793650794 
726,1,4,3,1.25000000000000 
717,1,4,4,0.97297297297297 
2991,1,3,4,1.38461538461538 
4180,2,9,2,0.43750000000000 
4206,1,4,4,0.83333333333333 
175,2,1,1,0.93333333333333 
747,2,2,3,0.90410958904110 
3876,2,2,2,0.54545454545455 
2725,1,4,4,1.05555555555555 
753,2,3,3,0.88571428571429 
4268,1,4,4,0.43750000000000 
4261,1,3,3,0.96774193548387 
784,1,4,3,0.73809523809524 
182,6,3,3,0.93650793650794 
4013,1,4,4,0.73333333333333 
3735,1,4,4,0.93650793650794 
782,1,4,4,0.75000000000000 
243,5,3,3,0.73809523809524 
839,4,2,9,0.93650793650794 
1394,2,3,3,0.73809523809524 
2438,3,9,1,0.93333333333333 
266,1,4,4,1.12068965517241 
4323,1,3,3,0.73809523809524 
816,1,4,3,0.73333333333333 
256,2,1,1,2.60000000000000 
3694,1,4,4,0.77777777777778 
289,1,4,4,0.90410958904110 
4344,4,1,1,1.06250000000000 
154,5,3,9,1.38461538461538 
3643,1,4,4,0.90410958904110 
993,4,3,3,1.50000000000000 
2013,1,4,3,0.73333333333333 
949,1,4,1,1.12068965517241 
4477,5,9,3,1.46153846153846 
3740,1,4,4,1.00000000000000 
3746,2,1,1,1.38461538461538 
305,1,4,4,0.86956521739130 
908,1,4,4,0.93333333333333 
785,1,4,4,0.90410958904110 
3738,3,3,3,0.66000000000000 
135,5,1,1,0.71264367816092 
4397,1,4,4,0.88888888888889 
3747,5,2,2,0.90000000000000 
1958,2,1,2,1.00000000000000 
3851,1,4,4,0.86956521739130 
4375,5,3,9,0.75000000000000 
139,1,4,4,0.77777777777778 
804,1,4,4,1.38461538461538 
3061,1,4,4,1.43243243243243 
351,1,4,4,0.96774193548387 
719,1,4,4,0.93333333333333 
352,2,3,3,0.96774193548387 
1059,5,9,2,0.88571428571429 
457,1,4,3,0.88571428571429 
1088,2,2,2,1.06250000000000 
907,2,1,1,0.96774193548387 
4591,2,2,2,0.97297297297297 
3771,2,2,1,0.96774193548387 
2687,2,1,1,0.80882352941177 
3732,5,1,1,0.83333333333333 
4345,1,3,3,0.81481481481482 
3765,1,4,4,0.83333333333333 
3761,1,4,4,0.84848484848485 
138,1,3,3,0.82608695652174 
4289,1,4,4,1.12068965517241 
850,1,4,3,0.70212765957447 
3002,1,3,4,0.54545454545455 
3831,1,4,4,1.03030303030303 
939,2,1,2,1.50000000000000 
3788,1,4,4,0.68750000000000 
2938,5,3,2,1.00000000000000 
3880,1,3,4,0.68750000000000 
3944,2,1,1,0.66000000000000 
3781,3,2,2,0.92857142857143 
3994,1,4,4,0.88571428571429 
527,1,3,3,0.77777777777778 
517,1,1,4,0.90410958904110 
734,5,4,3,0.71264367816092 
3864,1,4,3,1.00000000000000 
4484,2,2,1,0.81481481481482 
3654,5,2,2,0.75757575757576 
10,6,4,4,1.00000000000000 
503,1,4,4,1.12068965517241 
3988,1,4,4,0.75000000000000 
3972,6,3,3,0.75757575757576 
133,1,4,4,0.70370370370370 
976,1,4,4,0.88888888888889 
23,2,1,1,0.96774193548387 
279,1,4,4,0.90410958904110 
940,1,4,4,0.73809523809524 
3531,2,1,2,0.78571428571429 
3525,1,4,4,0.94117647058824 
3667,5,1,1,4.00000000000000 
1094,2,3,2,0.66000000000000 
362,2,2,2,0.81481481481482 
296,2,2,2,0.77777777777778 
537,1,4,4,1.00000000000000 
3342,1,4,4,0.93650793650794 
481,2,2,1,0.54545454545455 
2312,2,2,1,0.87301587301587 
4620,3,4,4,0.93333333333333 
84,1,4,4,0.73333333333333 
447,5,9,9,0.93650793650794 
269,2,1,2,1.75000000000000 
71,3,2,2,0.90410958904110 
4091,1,4,4,0.69230769230769 
1847,1,4,4,0.68085106382979 
1744,1,4,4,0.77777777777778 
3836,6,3,3,2.00000000000000 
3034,5,3,4,1.66666666666666 
4190,1,4,4,1.00000000000000 
3194,2,1,1,0.90410958904110 
4603,2,3,3,0.75000000000000 
4256,6,3,3,0.92857142857143 
3498,1,4,4,0.73333333333333 
4627,2,1,1,0.54545454545455 
4852,2,2,3,2.10000000000000 
1597,3,3,3,1.43243243243243 
2266,5,3,2,0.97297297297297 
2275,1,3,3,1.11111111111111 
4526,1,4,4,0.96774193548387 
884,1,1,4,0.93650793650794 
2437,5,9,9,0.96774193548387 
962,1,4,3,0.80882352941177 
2705,2,1,1,0.68085106382979 
2746,1,4,4,0.80882352941177 
4175,1,4,4,1.12068965517241 
1978,1,4,3,0.93650793650794 
2774,1,4,4,2.40000000000000 
2890,2,3,3,2.40000000000000 
2468,1,1,4,0.68085106382979 
2000,2,2,3,0.83333333333333 
4453,1,3,3,1.03030303030303 
1948,2,3,3,0.92857142857143 
2966,3,1,1,1.40000000000000 
1842,1,4,4,0.93650793650794 
3489,1,4,4,1.75000000000000 
4110,1,4,1,0.86956521739130 
1135,1,4,4,0.71264367816092 
1850,3,3,2,1.00000000000000 
617,1,4,4,0.87301587301587 
3834,1,3,4,0.96774193548387 
2414,1,3,4,0.68750000000000 
364,1,3,3,1.25000000000000 
3750,2,1,1,0.66000000000000 
1921,2,1,1,1.12068965517241 
3203,1,3,3,1.50000000000000 
3385,2,2,2,1.66666666666666 
701,1,4,4,0.93333333333333 
562,5,1,1,0.88571428571429 
3453,4,1,1,1.75000000000000 
988,2,1,1,0.80882352941177 
3129,2,1,1,0.75000000000000 
3124,1,3,3,1.03030303030303 
4155,2,2,2,1.03030303030303 
2477,1,4,4,0.80882352941177 
420,4,1,9,0.80882352941177 
2298,1,3,3,1.06250000000000 
4283,1,4,4,0.90410958904110 
4264,2,1,2,1.05555555555555 
2336,6,9,2,0.97297297297297 
2494,2,2,1,0.80882352941177 
4654,1,4,4,0.66000000000000 
121,6,1,1,0.71264367816092 
3962,1,3,4,0.93333333333333 
4121,1,3,3,0.83333333333333 
1435,1,4,4,1.11111111111111 
1487,2,4,4,1.63636363636363 
735,3,2,2,0.77777777777778 
3380,1,4,3,1.88888888888888 
3862,4,3,3,0.84848484848485 
3886,1,4,4,0.80882352941177 
3308,1,4,4,1.15384615384615 
2730,3,3,3,1.20000000000000 
3557,1,4,4,0.87500000000000 
4253,1,2,2,2.50000000000000 
1229,5,3,3,0.77777777777778 
2895,2,2,2,2.66666666666666 
3586,1,4,4,0.71264367816092 
1688,3,9,3,0.93650793650794 
89,1,4,4,2.40000000000000 
2288,1,4,4,1.20000000000000 
253,1,4,4,1.88888888888888 
3725,1,4,3,0.73809523809524 
2947,1,4,3,1.03030303030303 
2119,1,4,4,0.93333333333333 
2380,6,3,2,1.50000000000000 
695,2,1,1,0.96774193548387 
787,1,4,4,0.93650793650794 
3978,2,1,1,0.77777777777778 
1169,5,3,3,0.96774193548387 
1405,3,2,2,1.43243243243243 
1021,1,4,4,1.06250000000000 
4076,2,1,1,0.43750000000000 
4353,1,4,4,0.73809523809524 
188,1,4,4,0.81481481481482 
2289,1,4,4,0.84848484848485 
2903,1,4,1,0.68085106382979 
647,2,1,1,1.43243243243243 
171,2,1,1,0.93650793650794 
844,2,2,1,1.12068965517241 
1147,3,1,1,0.93650793650794 
3278,2,2,9,1.10000000000000 
3376,3,4,4,1.63636363636363 
2593,1,3,4,1.20000000000000 
2740,1,4,4,0.80882352941177 
378,1,3,3,1.43243243243243 
196,3,3,3,0.93333333333333 
2009,5,3,1,0.73913043478261 
4561,1,4,4,0.70212765957447 
235,1,3,3,0.75000000000000 
3006,2,3,3,0.81481481481482 
965,2,2,2,0.70212765957447 
3245,4,1,1,0.93650793650794 
4622,1,4,4,1.06250000000000 
2953,1,9,9,1.03030303030303 
3520,5,3,2,1.03030303030303 
3925,1,4,4,0.73333333333333 
1015,1,4,1,1.63636363636363 
1438,1,4,4,0.86956521739130 
4438,1,4,4,2.10000000000000 
377,1,4,4,1.40000000000000 
1657,1,4,4,0.93650793650794 
2104,6,2,2,0.68085106382979 
619,1,4,4,0.71264367816092 
2194,1,3,3,0.94117647058824 
36,1,3,3,0.90410958904110 
3993,1,4,4,0.90410958904110 
2994,2,1,1,1.75000000000000 
478,4,1,1,0.73809523809524 
3095,2,3,3,0.54545454545455 
2978,6,3,3,1.50000000000000 
852,1,4,4,0.68750000000000 
2865,1,4,4,0.81818181818182 
576,6,4,4,0.66000000000000 
3467,1,4,4,0.90410958904110 
2105,1,4,4,0.73913043478261 
1892,5,3,3,0.96774193548387 
1707,3,3,9,0.88571428571429 
1716,2,1,1,0.93650793650794 
4208,1,4,4,0.69230769230769 
3848,1,4,4,0.68750000000000 
1294,2,1,1,0.90410958904110 
4559,1,4,4,1.00000000000000 
4576,1,3,4,0.71264367816092 
3871,5,1,1,0.96774193548387 
3075,3,2,2,0.96774193548387 
4278,2,1,1,0.93333333333333 
709,1,4,4,0.90410958904110 
1778,1,4,3,0.78571428571429 
4007,3,2,1,1.43243243243243 
4124,5,9,1,0.93650793650794 
1763,1,3,4,0.73333333333333 
4334,5,2,2,0.81481481481482 
1833,1,4,4,0.68750000000000 
2195,5,2,2,1.00000000000000 
2235,1,4,3,1.06250000000000 
1044,4,3,3,0.73913043478261 
670,1,1,4,1.00000000000000 
310,1,4,4,0.90410958904110 
1953,1,3,4,1.50000000000000 
391,2,2,2,1.30769230769230 
4722,1,3,4,4.50000000000000 
4632,1,4,4,0.83333333333333 
2290,2,2,2,0.77777777777778 
1808,3,3,3,1.30769230769230 
2353,1,4,4,0.88571428571429 
1387,1,3,3,0.70212765957447 
1560,3,2,1,1.40000000000000 
1777,2,3,3,0.92857142857143 
3344,1,4,4,0.83333333333333 
338,1,4,4,0.75757575757576 
1607,1,3,3,1.50000000000000 
145,5,3,3,1.06250000000000 
2319,1,4,4,0.88571428571429 
4380,1,4,4,0.77777777777778 
1675,3,2,2,0.71264367816092 
1166,2,1,1,0.75000000000000 
2616,2,2,1,1.05555555555555 
2321,1,4,1,1.12068965517241 
312,2,9,9,0.75757575757576 
414,1,4,4,0.96774193548387 
969,1,4,4,1.06250000000000 
1050,1,4,4,1.20000000000000 
1280,1,4,4,0.80882352941177 
1383,4,1,1,0.77777777777778 
1913,1,4,4,0.78571428571429 
1934,1,4,4,0.71264367816092 
2087,2,2,2,1.11111111111111 
3935,2,3,9,0.96774193548387 
2582,1,3,4,3.66666666666666 
2478,1,3,4,2.40000000000000 
4212,2,1,1,2.50000000000000 
4309,1,4,4,1.63636363636363 
4361,1,3,3,1.12068965517241 
4196,1,3,4,0.77777777777778 
2606,2,1,2,1.05555555555555 
1197,2,1,1,0.92857142857143 
4515,1,4,4,1.12068965517241 
4602,3,3,4,1.12068965517241 
2608,1,4,4,1.05555555555555 
1529,1,4,3,0.78571428571429 
4572,1,4,4,1.12068965517241 
2072,6,3,3,1.10000000000000 
247,1,3,3,2.00000000000000 
1006,2,9,2,0.94117647058824 
1612,1,3,4,0.75000000000000 
3399,1,4,4,0.88571428571429 
1673,1,3,3,1.43243243243243 
731,3,1,1,2.50000000000000 
770,5,2,3,0.70370370370370 
1679,1,3,4,1.12068965517241 
2944,3,1,1,1.88888888888888 
4636,1,4,3,1.12068965517241 
3701,1,4,4,0.71264367816092 
3873,1,3,3,0.96774193548387 
997,2,1,1,0.81818181818182 
3175,1,4,4,0.97297297297297 
3519,1,4,4,0.88571428571429 
1227,1,4,4,0.73809523809524 
1384,3,2,2,0.96774193548387 
2412,2,3,2,0.87500000000000 
3288,5,2,2,0.87301587301587 
3220,6,4,4,0.70212765957447 
3828,1,4,4,0.71264367816092 
4338,1,3,4,0.71264367816092 
1065,5,2,2,1.00000000000000 
3689,1,4,3,0.73913043478261 
4243,1,4,4,0.71264367816092 
3089,3,9,3,0.73913043478261 
4251,6,9,9,1.25000000000000 
3645,1,4,3,0.69230769230769 
4383,1,4,4,0.78260869565217 
730,3,1,1,1.43243243243243 
4425,6,3,3,0.73809523809524 
1024,3,3,3,0.87301587301587 
2793,5,2,1,0.68085106382979 
3268,1,3,4,1.50000000000000 
1569,1,4,4,0.94117647058824 
3469,1,3,9,1.03030303030303 
3784,1,4,4,0.93333333333333 
4469,1,9,3,0.96774193548387 
4529,1,3,2,1.03030303030303 
1740,2,3,3,0.80882352941177 
2949,3,2,2,1.43243243243243 
1025,1,4,4,1.11111111111111 
3231,2,2,2,0.77777777777778 
3739,2,3,3,1.46153846153846 
3837,6,3,3,0.75757575757576 
3867,1,4,4,1.12068965517241 
1483,1,3,3,1.12068965517241 
3716,1,4,4,0.73913043478261 
1721,1,3,3,1.03030303030303 
1328,3,9,2,0.96774193548387 
